{"v":"5.4.2","fr":60,"ip":0,"op":30,"w":24,"h":24,"nm":"loading_gray","ddd":0,"assets":[{"id":"image_0","w":144,"h":144,"u":"images/","p":"gray.png","e":0}],"layers":[{"ddd":0,"ind":1,"ty":2,"nm":"gray","refId":"image_0","sr":1,"ks":{"o":{"a":0,"k":100,"ix":11},"r":{"a":1,"k":[{"i":{"x":[0.833],"y":[0.833]},"o":{"x":[0.167],"y":[0.167]},"n":["0p833_0p833_0p167_0p167"],"t":0,"s":[0],"e":[359]},{"t":30}],"ix":10},"p":{"a":0,"k":[12,12,0],"ix":2},"a":{"a":0,"k":[72,72,0],"ix":1},"s":{"a":0,"k":[16.667,16.667,100],"ix":6}},"ao":0,"ip":0,"op":60,"st":0,"bm":0}],"markers":[]}