{
	"color": {
		"common_level1_base_color": "0xFFFFFCEA",
		"common_level2_base_color": "0xFF000000",
		"common_level3_base_color": "0x66191F25",
		"common_level4_base_color": "0x47191F25",
		"common_level5_base_color": "0x29191F25",
		"common_level6_base_color": "0x1F191F25",
		"common_level7_base_color": "0x14191F25",
		"common_level8_base_color": "0xFFF6F6F6",
		"common_level1_contrary_color": "0xFFFFFFFF",
		"common_level2_contrary_color": "0xB8FFFFFF",
		"common_level3_contrary_color": "0x8FFFFFFF",
		"common_level4_contrary_color": "0x66FFFFFF",
		"common_level5_contrary_color": "0x47FFFFFF",
		"common_level6_contrary_color": "0x29FFFFFF",
		"common_level7_contrary_color": "0x1FFFFFFF",
		"common_blue1_color": "0xFF3296FA",
		"common_blue2_color": "0xFFADD5FD",
		"common_blue3_color": "0xFFE6F2FE",
		"common_red1_color": "0xFFF25643",
		"common_red2_color": "0xFFFABBB4",
		"common_red3_color": "0xFFFDEAE8",
		"common_orange1_color": "0xFFFF943E",
		"common_orange2_color": "0xFFFFD4B2",
		"common_orange3_color": "0xFFFFF2E7",
		"common_green1_color": "0xFF15BC83",
		"common_green2_color": "0xFFA1E4CD",
		"common_green3_color": "0xFFE3F7F0",
		"common_yellow1_color": "0xFFFEE151",
		"common_page_bg_color": "0xFFF6F6F6",
		"common_link_color": "0xFF576A95",
		"common_link_press_color": "0x66576A95",
		"im_chat_message_bg_color": "0xFFC9E7FF",
		"im_chat_message_press_bg_color": "0xFFB3CEE5",
		"im_chat_announcement_message_bg_color": "0xFFFCF7D7",
		"im_chat_announcement_message_press_bg_color": "0xFFE0DCC0",
		"im_chat_message_more_bg_color": "0xFF191F25",
		"im_move_to_slide_action_bg_color": "0xFF15BC83",
		"im_move_to_slide_action_press_bg_color": "0xFF15A977",
		"im_chat_name_text_color": "0xFF7D8082",
		"im_redbag_button_text_color": "0xFF884c31",
		"im_chat_bg_color": "0xFFEBEBEB",
		"im_ipad_chat_bg_color": "0xFFF6F6F6",
		"im_sticky_to_top_tag_bg_color": "0x473296FA",
		"ding_homepage_expired_button_bg_color": "0xFFFEE151",
		"ding_homepage_expired_button_press_bg_color": "0xFFE2C94C",
		"ding_homepage_expired_button_disabled_bg_color": "0x1FFEE151",
		"ding_homepage_received_button_bg_color": "0xFFFFC01A",
		"ding_homepage_received_button_press_bg_color": "0xFFE3AC1A",
		"ding_untap_cell_bg_color": "0xFFFCF7D7",
		"ding_untap_cell_press_bg_color": "0xFFE0DCC0",
		"phone_dail_normal_button_bg_color": "0xFF15BC83",
		"phone_dail_normal_button_press_bg_color": "0xFF15A977",
		"phone_discover_team_bg_color": "0xFFE6F2FE",
		"st_line1_color": "0xFFEDEDEE",
		"st_bg1_color": "0xFFF5F5F5",
		"st_bg2_color": "0xFFFAF9F9",
		"st_bg3_color": "0xFF555555",
		"st_bg4_color": "0xFF666666",
		"st_bg5_color": "0xFFDFDFDF",
		"st_blue2_color": "0xFFF4F7FC",
		"st_bg6_color": "0x66000000",
		"st_common_red1_color": "0xFFFF3031",
		"st_common_red2_color": "0x0cFF3031",
		"common_default_black_color": "0xFF000000",
		"common_default_brown_blue_color": "0xFF161C22",
		"common_default_gray_color": "0xFF191F25",
		"common_default_gray75_color": "0xFF687078",
		"common_default_gray50_color": "0xFFABB3BA",
		"common_default_gray25_color": "0xFFCCD0D4",
		"common_default_gray10_color": "0xFFF2F3F5",
		"common_default_gray03_color": "0xFFFAFBFC",
		"common_default_red_color": "0xFFE32416",
		"common_default_lightred_color": "0xFFFEF1EF",
		"common_default_orange_color": "0xFFFF943E",
		"common_default_new_orange_color": "0xFFFD7100",
		"common_default_yellow_color": "0xFFFEE151",
		"common_default_green_color": "0xFF56BF32",
		"common_default_new_green_color": "0xFF00AD1E",
		"common_default_blue_color": "0xFF3296FA",
		"common_default_new_blue_color": "0xFF0080FF",
		"common_default_purple_color": "0xFF953EF2",
		"common_default_pink_color": "0xFFFB4BA1",
		"common_default_gold_color": "0xFFBA9E83",
		"common_default_lightgold_color": "0xFFFDF7EF",
		"common_default_white_color": "0xFFFFFFFF",
		"form_error_bg_color": "0xFFFFF5F4",
		"text_view_placeholder_color": "0xFFC7C7CD",
		"form_required_mark_color": "0xFFFF4141",
		"form_selection_arrow_color": "0xFFA3A4A6",
		"group_apply_form_logo_dark_green": "0xFF347B63"
	},
	"image": {
		"test_image": "test001.png"
	},
	"animation": {
		"loading_more": "loadingMore/loading_gray_data.json"
	}
}
